"tweet_id","in_reply_to_status_id","in_reply_to_user_id","retweeted_status_id","retweeted_status_user_id","timestamp","source","text","expanded_urls"
"22640556250","","","","","2010-08-31 18:50:49 +0000","<a href=""http://hootsuite.com/hootbar"" rel=""nofollow"">HootBar</a>","estos locos elevan el estandar de la definicion de ""cara de raja"" http://is.gd/eNOYK"
"22628563303","22628179146","16007700","","","2010-08-31 16:00:24 +0000","<a href=""http://blackberry.com/twitter"" rel=""nofollow"">Twitter for BlackBerry?</a>","@musa_de_lirio pero un dm con un link para mirar el portafolio del lolo igual sirve ;)"
"22628084999","22627796954","16007700","","","2010-08-31 15:54:35 +0000","<a href=""https://launchpad.net/gwibber/"" rel=""nofollow"">Gwibber</a>","@musa_de_lirio a que fotografo chafa mandaste a tomar clases? XD"
"22627555297","","","","","2010-08-31 15:48:07 +0000","<a href=""http://twitterfeed.com"" rel=""nofollow"">twitterfeed</a>","recomienda leer: El Hu?scar y las Campanas. Por V?lker Guti?rrez http://bit.ly/aS4Bsd"
"22596203649","","","","","2010-08-31 07:25:11 +0000","<a href=""http://twitterfeed.com"" rel=""nofollow"">twitterfeed</a>","subi otra foto: mr pirata en el astillero. http://twurl.nl/kd5gai"
"22552131782","","","","","2010-08-30 20:05:01 +0000","<a href=""http://twitterfeed.com"" rel=""nofollow"">twitterfeed</a>","recomienda leer: Welcome NASA to the Commons http://bit.ly/9CkNPs"
"22546065289","","","","","2010-08-30 18:24:47 +0000","<a href=""http://twitterfeed.com"" rel=""nofollow"">twitterfeed</a>","recomienda leer: Nos quieren censurar http://bit.ly/9mRbdW"
"22534746189","22534653208","11152012","","","2010-08-30 15:44:34 +0000","<a href=""https://launchpad.net/gwibber/"" rel=""nofollow"">Gwibber</a>","@paulo_saavedra el problema est? fuera de la intranet del estado. aparentemente entel"
"22532209794","22531920429","13844982","","","2010-08-30 15:12:21 +0000","<a href=""http://blackberry.com/twitter"" rel=""nofollow"">Twitter for BlackBerry?</a>","@kurakensama ese. Mismo. Estaba en la oficina, en zona supuestamente segura"
"22532119327","22531441800","58967234","","","2010-08-30 15:11:15 +0000","<a href=""http://blackberry.com/twitter"" rel=""nofollow"">Twitter for BlackBerry?</a>","@madestro desapareci? de la oficina el fin de semana, ahora revisamos los v?deos de vigilancia"
"22530825795","","","","","2010-08-30 14:55:18 +0000","<a href=""https://launchpad.net/gwibber/"" rel=""nofollow"">Gwibber</a>","me robaron un mac book air, mac address 00.1f.5b.d2.ae.40,  con aboll?n y lcd quebrado. si alguien lo ve por ahi, avise."
"22521373909","","","","","2010-08-30 12:52:44 +0000","<a href=""http://blackberry.com/twitter"" rel=""nofollow"">Twitter for BlackBerry?</a>","Diablos, no es una pesadilla, en serio es lunes..."
"22504033471","","","","","2010-08-30 07:02:41 +0000","<a href=""http://twitterfeed.com"" rel=""nofollow"">twitterfeed</a>","subi otra foto: iglesia de colo http://twurl.nl/v3r6i8"
"22487611530","22487043561","3962891","","","2010-08-30 02:12:11 +0000","<a href=""http://blackberry.com/twitter"" rel=""nofollow"">Twitter for BlackBerry?</a>","@srtalee el problema es que ac? esperamos que la ciudad nos permita pedalear, hay que lanzarse a la bici y dejar que la ciudad nos acepte.."
"22421284031","","","","","2010-08-29 07:49:44 +0000","<a href=""http://twitterfeed.com"" rel=""nofollow"">twitterfeed</a>","subi otra foto: pajaros con smokin http://twurl.nl/o36h1i"
"22341565424","","","","","2010-08-28 09:38:32 +0000","<a href=""http://twitterfeed.com"" rel=""nofollow"">twitterfeed</a>","subi otra foto: Mu?ecas de lana http://twurl.nl/nbt53y"
"22246797287","","","","","2010-08-27 07:04:05 +0000","<a href=""http://twitterfeed.com"" rel=""nofollow"">twitterfeed</a>","subi otra foto: saltos del petrohu? http://twurl.nl/71dqfz"
"22215241437","","","","","2010-08-26 22:37:44 +0000","<a href=""http://twitterfeed.com"" rel=""nofollow"">twitterfeed</a>","recomienda leer: Santiago en Bici: Mapa colaborativo de lugares amables con los que andamos en cleta http://bit.ly/9buhCJ"
"22208812899","","","","","2010-08-26 20:59:42 +0000","<a href=""https://launchpad.net/gwibber/"" rel=""nofollow"">Gwibber</a>","maleteros, chuecos y traidores. super buenos colegas eh?"
"22201607544","","","","","2010-08-26 18:59:27 +0000","<a href=""https://launchpad.net/gwibber/"" rel=""nofollow"">Gwibber</a>","se?orita, si a ud le molesta el joteo virtual, tome clases de como cagarse a los jotes con estilo!! http://nofirstdate.com/  (via @stormish)"
"22200316443","","","","","2010-08-26 18:37:52 +0000","<a href=""https://launchpad.net/gwibber/"" rel=""nofollow"">Gwibber</a>","que buen eufemismo, ""forcejeando""  XD http://is.gd/eFjZ3"
"22200196513","","","","","2010-08-26 18:35:54 +0000","<a href=""http://twitterfeed.com"" rel=""nofollow"">twitterfeed</a>","recomienda leer: Barriendo la basura bajo la alfombra: Pi?era dice que termoel?ctrica debe cambiar de lugar http://bit.ly/9FBLFp"
"22192101725","22190841536","58967234","","","2010-08-26 16:36:20 +0000","<a href=""https://launchpad.net/gwibber/"" rel=""nofollow"">Gwibber</a>","@madestro de esto: http://is.gd/eF8Jw"
"22191969832","","","","","2010-08-26 16:34:38 +0000","<a href=""http://twitterfeed.com"" rel=""nofollow"">twitterfeed</a>","recomienda leer: Comercial Sony DSLR A55 X Manuel D?az http://bit.ly/ci6wgf"
"22190476466","","","","","2010-08-26 16:15:29 +0000","<a href=""https://launchpad.net/gwibber/"" rel=""nofollow"">Gwibber</a>","que van a decir los hippies de mierda si les ponen la termoel?ctrica en horc?n o playa luna?"
"22187885474","","","","","2010-08-26 15:42:22 +0000","<a href=""https://launchpad.net/gwibber/"" rel=""nofollow"">Gwibber</a>","bien por los pinguinos de humboldt. ahora, a apoyar a los pinguinos de la educaci?n p?blica :P"
"22186788448","","","","","2010-08-26 15:28:31 +0000","<a href=""https://launchpad.net/gwibber/"" rel=""nofollow"">Gwibber</a>","les cont? que conoc? un ex punk que vot? por pi?era? esta va pa el con cari?o: http://is.gd/eF2eR"
"22185030824","","","","","2010-08-26 15:06:15 +0000","<a href=""https://launchpad.net/gwibber/"" rel=""nofollow"">Gwibber</a>","ni?os que juegan con iphones, tengan en cuenta esto: http://is.gd/eF0kF"
"22184251970","22184016805","41675504","","","2010-08-26 14:56:51 +0000","<a href=""https://launchpad.net/gwibber/"" rel=""nofollow"">Gwibber</a>","@ConejitaPop mandenles ropa pa que se cambien y desodorante!  cuatro meses con los mismos calzoncillos, no hay dignidad que aguante XD"
"22184081996","22183716466","11152012","","","2010-08-26 14:54:44 +0000","<a href=""https://launchpad.net/gwibber/"" rel=""nofollow"">Gwibber</a>","@paulo_saavedra hippies, colegiales y anef. hay para todos los gustos hoy ;)"
"22182986476","","","","","2010-08-26 14:41:04 +0000","<a href=""https://launchpad.net/gwibber/"" rel=""nofollow"">Gwibber</a>","chilecompra express me ahorraria hartos quebraderos de cabeza si incluyera la posibilidad de buscar por part number ..."
"22182351319","22181778621","13844982","","","2010-08-26 14:33:10 +0000","<a href=""https://launchpad.net/gwibber/"" rel=""nofollow"">Gwibber</a>","@kurakensama estoy en mi oficina como dia normal. la presidenta de la asociacion de funcionarios usa de ringtone ""los viejos estandartes"""
"22181336260","","","","","2010-08-26 14:20:20 +0000","<a href=""http://www.tumblr.com/"" rel=""nofollow"">Tumblr</a>","Photo: Army street | Recyclart http://tumblr.com/xwdgrz58e"
"22180066298","","","","","2010-08-26 14:03:51 +0000","<a href=""https://launchpad.net/gwibber/"" rel=""nofollow"">Gwibber</a>","el a?o pasado la presidenta de la asociacion de funcionarios le ech? la gotita a las chapas ac?. este a?o ni siquiera avis? del paro...."
"22177768187","","","","","2010-08-26 13:33:35 +0000","<a href=""http://twitterfeed.com"" rel=""nofollow"">twitterfeed</a>","recomienda leer: 10 Tips for the Aspiring Street Photographer http://bit.ly/caYa7u"
"22176829096","","","","","2010-08-26 13:20:52 +0000","<a href=""https://launchpad.net/gwibber/"" rel=""nofollow"">Gwibber</a>","dato curioso: sabia ud que el banco estado no le presta plata a los funcionarios p?blicos, porque corren riesgo de quedarse sin pega?"
"22154060879","","","","","2010-08-26 05:46:25 +0000","<a href=""http://twitterfeed.com"" rel=""nofollow"">twitterfeed</a>","subi otra foto: trenes olvidados http://twurl.nl/xv8tnu"
"22149880118","","","","","2010-08-26 04:27:22 +0000","<a href=""http://twitterfeed.com"" rel=""nofollow"">twitterfeed</a>","recomienda leer: Que cosas suceden con el apag?n http://bit.ly/bIlzze"
"22141880889","","","","","2010-08-26 02:26:10 +0000","<a href=""http://twitterfeed.com"" rel=""nofollow"">twitterfeed</a>","recomienda leer: Spammers propagan un video falso del rescate de mineros de Chile http://bit.ly/8Y0yyZ"
"22126617207","","","","","2010-08-25 22:55:19 +0000","<a href=""http://blackberry.com/twitter"" rel=""nofollow"">Twitter for BlackBerry?</a>","Lo ?nico bueno de que pierda el colo es que pi?era y sus palos blancos pierden plata"
"22126001163","","","","","2010-08-25 22:45:58 +0000","<a href=""http://foursquare.com"" rel=""nofollow"">foursquare</a>","Esperando la 213 pacientemente"
"22123793629","","","","","2010-08-25 22:12:26 +0000","<a href=""https://launchpad.net/gwibber/"" rel=""nofollow"">Gwibber</a>","un dos tres por mi!"
"22115366911","","","","","2010-08-25 20:02:32 +0000","<a href=""https://launchpad.net/gwibber/"" rel=""nofollow"">Gwibber</a>","alguien duda de que los alemanes son cabeza dura? cachese esto: http://is.gd/eDv8b"
"22112894266","","","","","2010-08-25 19:22:58 +0000","<a href=""http://twitterfeed.com"" rel=""nofollow"">twitterfeed</a>","recomienda leer: A salvar a Punta Choros: Marcha instant?nea, represi?n inmediata http://bit.ly/b0tGQB"
"22111440162","","","","","2010-08-25 18:58:56 +0000","<a href=""https://launchpad.net/gwibber/"" rel=""nofollow"">Gwibber</a>","revisando un script de iptables me acord? del abuelo de twitter... ni?os, cuantos de ustedes usaron write y wall en un terminal unix??  #in"
"22111235810","22110516232","168834725","","","2010-08-25 18:55:30 +0000","<a href=""https://launchpad.net/gwibber/"" rel=""nofollow"">Gwibber</a>","@entel_ayuda gracias, pero llegas a plac?. del servicio ya me cambiaron el aparato, el otro ten?a falla electr?nica de acuerdo al informe."
"22097921708","22097789385","8348102","","","2010-08-25 15:36:03 +0000","<a href=""https://launchpad.net/gwibber/"" rel=""nofollow"">Gwibber</a>","@Prisca81 no, en el cajon del maipo aprobaron una central ""de pasada"" que deja el valle seco :|"
"22092139410","","","","","2010-08-25 14:21:00 +0000","<a href=""http://twitterfeed.com"" rel=""nofollow"">twitterfeed</a>","recomienda leer: montt en dosis diarias - 2010-03-24 http://bit.ly/cikcDO"
"22089763208","","","","","2010-08-25 13:49:46 +0000","<a href=""http://www.tumblr.com/"" rel=""nofollow"">Tumblr</a>","Photo: la mejor solucion al calentamiento global! (via nataliedee) http://tumblr.com/xwdgood15"
"22088318602","","","","","2010-08-25 13:30:07 +0000","<a href=""http://www.tumblr.com/"" rel=""nofollow"">Tumblr</a>","Photo: porque en la vida hay que ser agradecido eh? (via livercake) http://tumblr.com/xwdgon0he"
"22074929379","","","","","2010-08-25 09:29:09 +0000","<a href=""http://twitterfeed.com"" rel=""nofollow"">twitterfeed</a>","subi otra foto: iglesia de piedra http://twurl.nl/ty5do6"
"22034783612","","","","","2010-08-24 22:03:28 +0000","<a href=""https://launchpad.net/gwibber/"" rel=""nofollow"">Gwibber</a>","es justo reconocer que despues de todo lo que puti?, en el servicio de entel me cambiaron r?pido el tel?fono porque el otro estaba frito."
"22024499580","","","","","2010-08-24 19:18:48 +0000","<a href=""http://twitterfeed.com"" rel=""nofollow"">twitterfeed</a>","recomienda leer: Y ahora, ?qui?n podr? defendernos? (de las termoel?ctricas) http://bit.ly/9U0FhD"
"22021104231","","","","","2010-08-24 18:21:58 +0000","<a href=""http://flickr.com/services/twitter/"" rel=""nofollow"">Flickr</a>","se imagina como se ver? el horizonte desde isla damas cuando haya una termoel?ctrica en punta de choros?  http://flic.kr/p/6g5gq4"
"22012810029","","","","","2010-08-24 16:16:54 +0000","<a href=""http://twitterfeed.com"" rel=""nofollow"">twitterfeed</a>","recomienda leer: Reserva Natural condenada a convertirse en nuevo Ventanas: ?Se aprob? Punta Choros! http://bit.ly/aKU1Go"
"22008330759","","","","","2010-08-24 15:16:32 +0000","<a href=""http://twitterfeed.com"" rel=""nofollow"">twitterfeed</a>","recomienda leer: Vida http://bit.ly/b4AdG7"
"22005853324","","","","","2010-08-24 14:43:57 +0000","<a href=""https://launchpad.net/gwibber/"" rel=""nofollow"">Gwibber</a>","felicitaciones a las cabras shicas que ganaron medalla de oro en singapur jugando a la pelota!"
"22002354432","","","","","2010-08-24 13:56:58 +0000","<a href=""https://launchpad.net/gwibber/"" rel=""nofollow"">Gwibber</a>","la seleccion femenina sub 15 est? a 30 minutos de la medalla de oro, ganando 1-0. quiere ver el partido? sapee ac?: http://is.gd/eANZa"
"21998151262","","","","","2010-08-24 12:52:58 +0000","<a href=""https://launchpad.net/gwibber/"" rel=""nofollow"">Gwibber</a>","como que tengo frio. parece que le compr? demasiado r?pido al meteor?logo en la ma?ana."
"21978556756","","","","","2010-08-24 06:07:56 +0000","<a href=""http://twitterfeed.com"" rel=""nofollow"">twitterfeed</a>","subi otra foto: gaviota cahuil http://twurl.nl/xcwy5w"
"21939562904","","","","","2010-08-23 20:09:19 +0000","<a href=""https://launchpad.net/gwibber/"" rel=""nofollow"">Gwibber</a>","y de pronto, el mundo se comporta como lo dijo julio cortazar: http://is.gd/ezmGq"
"21939307149","21938822726","133515428","","","2010-08-23 20:04:58 +0000","<a href=""https://launchpad.net/gwibber/"" rel=""nofollow"">Gwibber</a>","@PauloSeguel claro, tu en tu casa, no hay problema. pero 20 weones en la misma red escuchando la fm play... harto bw se ahorraria, no?"
"21937085883","21936816501","13691252","","","2010-08-23 19:27:02 +0000","<a href=""https://launchpad.net/gwibber/"" rel=""nofollow"">Gwibber</a>","@sunna a mi me recomendaron shutterstock,  probablemente me meta ahi cuando quiera vender algo. por ahora no he intentado vender nada ;)"
"21936005334","21935853866","16007700","","","2010-08-23 19:08:23 +0000","<a href=""https://launchpad.net/gwibber/"" rel=""nofollow"">Gwibber</a>","@musa_de_lirio ac? en la oficina hay gente que tiene radios, mp3, telefonos con radio, etc... pero insisten en gastar ancho de banda as? :("
"21935839050","21935656188","24732648","","","2010-08-23 19:05:31 +0000","<a href=""https://launchpad.net/gwibber/"" rel=""nofollow"">Gwibber</a>","@avegao @musa_de_lirio @karinakill  si ni con edici?n sabe limpiarse el poto, entonces las fotos son pencas nom?s"
"21935781697","","","","","2010-08-23 19:04:34 +0000","<a href=""https://launchpad.net/gwibber/"" rel=""nofollow"">Gwibber</a>","por que los usuarios insisten en escuchar radios fm nacionales via internet? por que no usar un receptor FM corriente nom?s??"
"21935172131","21935032468","16007700","","","2010-08-23 18:54:23 +0000","<a href=""https://launchpad.net/gwibber/"" rel=""nofollow"">Gwibber</a>","@musa_de_lirio eeeewwww..... aparte de nsfw, es no apto para despues de almuerzo :P"
"21935084504","21934463052","13691252","","","2010-08-23 18:52:50 +0000","<a href=""https://launchpad.net/gwibber/"" rel=""nofollow"">Gwibber</a>","@sunna shutterstock, fanartreview, bigstockphoto"
"21933333406","21932271889","168834725","","","2010-08-23 18:22:29 +0000","<a href=""https://launchpad.net/gwibber/"" rel=""nofollow"">Gwibber</a>","@entel_ayuda que tengo que hacer para que me cambien la bb? quiero una QUE FUNCIONE. no me sirve que sea smart si se bootea cuando llamo."
"21924879746","","","","","2010-08-23 16:07:47 +0000","<a href=""http://twitterfeed.com"" rel=""nofollow"">twitterfeed</a>","recomienda leer: Juanelo 1282 http://bit.ly/9rjz9B"
"21920835784","21905549359","133515428","","","2010-08-23 15:08:11 +0000","<a href=""https://launchpad.net/gwibber/"" rel=""nofollow"">Gwibber</a>","@PauloSeguel una bb flip.... ya es tercera vez que me hace el chiste, y ya prob? cambiando la microSD. el proximo arreglo ser? un martillo."
"21920300590","","","","","2010-08-23 15:00:27 +0000","<a href=""https://launchpad.net/gwibber/"" rel=""nofollow"">Gwibber</a>","servicio t?cnico entel : ""no podemos recibirle el aparato, denos su numero y lo llamamos "" que parte de LA WE? NO FUNCIONA no entienden?"
"21916615933","","","","","2010-08-23 14:07:45 +0000","<a href=""http://twitterfeed.com"" rel=""nofollow"">twitterfeed</a>","recomienda leer: Rescate http://bit.ly/ae7b0Q"
"21908073984","","","","","2010-08-23 12:03:58 +0000","<a href=""http://twitterfeed.com"" rel=""nofollow"">twitterfeed</a>","recomienda leer: Pruebas http://bit.ly/9Yc2NS"
"21898808614","","","","","2010-08-23 08:56:30 +0000","<a href=""http://twitterfeed.com"" rel=""nofollow"">twitterfeed</a>","subi otra foto: sur de chile http://twurl.nl/b2oyh4"
"21878743980","","","","","2010-08-23 02:25:20 +0000","<a href=""https://launchpad.net/gwibber/"" rel=""nofollow"">Gwibber</a>","cuando hagan la pelicula del rescate de los mineros... a pi?era lo har? kramer, cierto?"
"21867111511","","","","","2010-08-22 23:26:07 +0000","<a href=""https://launchpad.net/gwibber/"" rel=""nofollow"">Gwibber</a>","formate? y reinstal? todo en el tel?fono el viernes, y hoy domingo volvi? a entrar en loop de reinicio infinito. la tecnolog?a no me quiere"
"21835163619","","","","","2010-08-22 14:53:48 +0000","<a href=""http://blackberry.com/twitter"" rel=""nofollow"">Twitter for BlackBerry?</a>","@_ahg_ tambi?n puede servir para envolver loza en caso de mudanza"
"21824101069","","","","","2010-08-22 11:45:42 +0000","<a href=""http://twitterfeed.com"" rel=""nofollow"">twitterfeed</a>","subi otra foto: flores secas http://twurl.nl/z5qzsb"
"21754546337","","","","","2010-08-21 14:58:59 +0000","<a href=""http://blackberry.com/twitter"" rel=""nofollow"">Twitter for BlackBerry?</a>","La vida en dos ruedas es mucho mejor, es un lindo d?a para pedalear"
"21729110495","","","","","2010-08-21 06:29:39 +0000","<a href=""http://twitterfeed.com"" rel=""nofollow"">twitterfeed</a>","subi otra foto: Cobquecura http://twurl.nl/q1uinm"
"21705476143","","","","","2010-08-21 00:04:09 +0000","<a href=""http://www.tumblr.com/"" rel=""nofollow"">Tumblr</a>","Video: salvemos punta de choros (via chaopescao) http://tumblr.com/xwdg9pu0e"
"21686875381","","","","","2010-08-20 18:49:48 +0000","<a href=""https://launchpad.net/gwibber/"" rel=""nofollow"">Gwibber</a>","tiene ganas de aprender a sacarle jugo a su c?mara de fotos? cachese este dato: http://is.gd/esdz9"
"21677457463","","","","","2010-08-20 16:28:40 +0000","<a href=""http://twitterfeed.com"" rel=""nofollow"">twitterfeed</a>","recomienda leer: Trilogies Ranked: Do You Agree? http://bit.ly/9ASqWA"
"21645185321","","","","","2010-08-20 07:16:05 +0000","<a href=""http://twitterfeed.com"" rel=""nofollow"">twitterfeed</a>","subi otra foto: mar en llico http://twurl.nl/d3nk4o"
"21628379398","","","","","2010-08-20 02:22:42 +0000","<a href=""http://twitterfeed.com"" rel=""nofollow"">twitterfeed</a>","recomienda leer: atraco y su ADV http://bit.ly/d3uioL"
"21627407283","","","","","2010-08-20 02:08:14 +0000","web","incomunicado nuevamente por culpa de un smartphone que se vuelve amnesico cada 12 segundos."
"21627352180","","168834725","","","2010-08-20 02:07:25 +0000","web","@entel_ayuda mi burra negra se volvi? dumb y entr? en booteo infinito por segunda vez.  sospecho que debe ser falla de hw, donde la llevo?"
"21610887561","21609517000","14668799","","","2010-08-19 21:56:46 +0000","<a href=""https://launchpad.net/gwibber/"" rel=""nofollow"">Gwibber</a>","@joconcha son usuarios sin permisos... sin embargo algunas de esas barras se cuelan igual, por algo es malware ..."
"21608273116","21608031184","36394623","","","2010-08-19 21:14:51 +0000","<a href=""https://launchpad.net/gwibber/"" rel=""nofollow"">Gwibber</a>","@chidalgo es que es impresionante lo hinchacocos que puede ser una secretaria con poca pega XD"
"21608154001","21605447639","11638712","","","2010-08-19 21:12:53 +0000","<a href=""https://launchpad.net/gwibber/"" rel=""nofollow"">Gwibber</a>","@vramiro hay que hacer uno, que incluya los goles-mpg de la u y el mitico serrucho de @jpiquer"
"21607922114","","","","","2010-08-19 21:09:07 +0000","<a href=""https://launchpad.net/gwibber/"" rel=""nofollow"">Gwibber</a>","claro, todos me odian porque no pueden navegar... quien los manda a tener malware en el browser, no? NO INSTALEN BARRAS CON EMOTICONES PLC!"
"21604958232","","","","","2010-08-19 20:19:10 +0000","<a href=""http://twitterfeed.com"" rel=""nofollow"">twitterfeed</a>","recomienda leer: Los hechos m?s importantes de la historia de Internet en un gr?fico http://bit.ly/9fTRad"
"21599505235","21599386684","31768061","","","2010-08-19 18:45:16 +0000","<a href=""https://launchpad.net/gwibber/"" rel=""nofollow"">Gwibber</a>","@Nina_Jipsy 20C en el centro de santiago, en teoria."
"21584276132","","","","","2010-08-19 15:05:17 +0000","<a href=""https://launchpad.net/gwibber/"" rel=""nofollow"">Gwibber</a>","segun mi firewall, estoy bajo un brute force ssh attack.  lindo eh?"
"21581745599","","","","","2010-08-19 14:31:46 +0000","<a href=""https://launchpad.net/gwibber/"" rel=""nofollow"">Gwibber</a>","la ultima actualizaci?n del FortiOS est? bien bonita, pero me volvi? a revolver la forma de revisar permisos y privilegios :|  #in"
"21568799806","21545815681","8347992","","","2010-08-19 11:12:49 +0000","<a href=""http://blackberry.com/twitter"" rel=""nofollow"">Twitter for BlackBerry?</a>","@2qx vendo la fz8, conservo la lx3 hasta comprar la sony nex5"
"21559489898","","","","","2010-08-19 07:47:43 +0000","<a href=""http://twitterfeed.com"" rel=""nofollow"">twitterfeed</a>","subi otra foto: f?brica de sal http://twurl.nl/zdwxop"
"21525037943","","","","","2010-08-18 22:20:49 +0000","<a href=""https://launchpad.net/gwibber/"" rel=""nofollow"">Gwibber</a>","esta no la hace chuck norris : http://is.gd/enQRe"
"21515009442","21513677275","15266823","","","2010-08-18 19:35:47 +0000","<a href=""https://launchpad.net/gwibber/"" rel=""nofollow"">Gwibber</a>","@panxaj @chidalgo @mfarah venderle por 1000 pesos mis datos a quien sea que est? detr?s de la encuesta no me parece buen negocio :|"
"21514680113","","","","","2010-08-18 19:30:30 +0000","<a href=""https://launchpad.net/gwibber/"" rel=""nofollow"">Gwibber</a>","le gusta tomar caf?? tenga en cuenta esto: http://www.puntoc.cl/"
"21513510883","","","","","2010-08-18 19:16:30 +0000","<a href=""https://launchpad.net/gwibber/"" rel=""nofollow"">Gwibber</a>","me lleg? un correo de un techo para chile pidiendo que me inscriba en una encuesta. es ver?dica la campa?a? o es chanta?"
"21501701249","21501486915","13844982","","","2010-08-18 16:09:48 +0000","<a href=""https://launchpad.net/gwibber/"" rel=""nofollow"">Gwibber</a>","@kurakensama ah, haber partido por ahi... menos mal que no te tienen desarrollando en un netbook XD"
"21501321462","21500831019","13844982","","","2010-08-18 16:04:26 +0000","<a href=""https://launchpad.net/gwibber/"" rel=""nofollow"">Gwibber</a>","@kurakensama prueba con un mac entonces..."
"21500713400","21500516328","44246353","","","2010-08-18 15:56:10 +0000","<a href=""https://launchpad.net/gwibber/"" rel=""nofollow"">Gwibber</a>","@antagonistak bongiorno, como va?"
"21500379391","21500050630","13844982","","","2010-08-18 15:51:30 +0000","<a href=""https://launchpad.net/gwibber/"" rel=""nofollow"">Gwibber</a>","@kurakensama todo eso sobre windows? con razon colapsa tu pc..."
"21485213365","21485040464","72667337","","","2010-08-18 12:13:42 +0000","<a href=""http://blackberry.com/twitter"" rel=""nofollow"">Twitter for BlackBerry?</a>","@flordeportugal fu, que lata. ?nimo"
"21471957219","","","","","2010-08-18 07:38:37 +0000","<a href=""http://twitterfeed.com"" rel=""nofollow"">twitterfeed</a>","subi otra foto: capit?n de chalupa http://twurl.nl/0lzmye"
"21453831898","21453411939","14441685","","","2010-08-18 02:15:34 +0000","<a href=""https://launchpad.net/gwibber/"" rel=""nofollow"">Gwibber</a>","@RicardoLemus con la n aparece"
"21437804462","21437739881","29513176","","","2010-08-17 22:19:54 +0000","<a href=""https://launchpad.net/gwibber/"" rel=""nofollow"">Gwibber</a>","@zeva24 no poh, tendrias que haber hecho campa?a pa que te votaran cuando elegimos la seleccionada de ac? :P"
"21437267803","","","","","2010-08-17 22:11:43 +0000","<a href=""https://launchpad.net/gwibber/"" rel=""nofollow"">Gwibber</a>","les puedo pedir un favor? pueden votar por la foto de cartagena? denle 5 estrellas :D http://is.gd/emeaw"
"21428632398","","","","","2010-08-17 19:51:54 +0000","<a href=""http://twitterfeed.com"" rel=""nofollow"">twitterfeed</a>","recomienda leer: Todo lo que ten?s que saber sobre Fast Food http://bit.ly/bphzUa"
"21428576173","","","","","2010-08-17 19:50:54 +0000","<a href=""http://twitterfeed.com"" rel=""nofollow"">twitterfeed</a>","pulgar arriba para : Book of Numbers http://bit.ly/dk6L8V"
"21427265433","","","","","2010-08-17 19:27:52 +0000","<a href=""http://twitterfeed.com"" rel=""nofollow"">twitterfeed</a>","subi otra foto: miradas cruzadas http://twurl.nl/u30d4l"
"21423075147","","","","","2010-08-17 18:16:36 +0000","<a href=""https://launchpad.net/gwibber/"" rel=""nofollow"">Gwibber</a>","es ud floridano? le gusta la cerveza? anote para fiestas patrias entonces!: http://is.gd/elYym"
"21405857158","21405421171","14341531","","","2010-08-17 14:08:46 +0000","<a href=""https://launchpad.net/gwibber/"" rel=""nofollow"">Gwibber</a>","@calupi quihubo, como va la vida al otro lado del cerro?"
"21405185980","","","","","2010-08-17 13:59:10 +0000","<a href=""http://flickr.com/services/twitter/"" rel=""nofollow"">Flickr</a>","les cont? que vi pasar el ejercito libertador?  http://flic.kr/p/8sTrsT"
"21401888347","21401688943","10419812","","","2010-08-17 13:11:22 +0000","<a href=""https://launchpad.net/gwibber/"" rel=""nofollow"">Gwibber</a>","@dLiRio la mia sospechosamente en calma. ya me estoy asustando XD"
"21401611059","21401495451","10419812","","","2010-08-17 13:07:15 +0000","<a href=""https://launchpad.net/gwibber/"" rel=""nofollow"">Gwibber</a>","@dLiRio quihubo, como va la vida ;)"
"21363621934","","","","","2010-08-17 01:44:57 +0000","<a href=""https://launchpad.net/gwibber/"" rel=""nofollow"">Gwibber</a>","hoy se public? la ganadora mundial del photowalk del 24 de julio y las menciones honrosas: http://is.gd/ekTr9"
"21331589440","","","","","2010-08-16 17:25:24 +0000","<a href=""https://launchpad.net/gwibber/"" rel=""nofollow"">Gwibber</a>","ud usa ubuntu? le gustar?a que alguna foto suya fuera wallpaper oficial de ubuntu? participe! http://is.gd/ekoc7"
"21327863354","","","","","2010-08-16 16:31:11 +0000","<a href=""https://launchpad.net/gwibber/"" rel=""nofollow"">Gwibber</a>","necesito una clase urgente de como entender las famosas CAL de microsoft.  #in"
"21321365452","","","","","2010-08-16 15:00:08 +0000","<a href=""https://launchpad.net/gwibber/"" rel=""nofollow"">Gwibber</a>","1200 dolares por usar nessus!!! no ser? mucha plata digo yo?  #in"
"21321299342","21320899557","64407308","","","2010-08-16 14:59:18 +0000","web","@chanolio un zip que contiene un xml ""microsoft-style"" legible por ms-office y eventualmente por openoffice"
"21314809064","","","","","2010-08-16 13:29:11 +0000","<a href=""https://launchpad.net/gwibber/"" rel=""nofollow"">Gwibber</a>","como que estoy necesitando uno de estos: http://is.gd/ek8pw"
"21314443401","","","","","2010-08-16 13:23:57 +0000","<a href=""http://www.tumblr.com/"" rel=""nofollow"">Tumblr</a>","Photo: Kung Fu Cofee cup!!! http://tumblr.com/xwdfx4r8m"
"21278712559","","","","","2010-08-16 02:13:55 +0000","<a href=""https://launchpad.net/gwibber/"" rel=""nofollow"">Gwibber</a>","""algo habr?n hecho"" es de lo mejorcito que hay en la tele a esta hora"
"21097234440","","","","","2010-08-13 21:35:29 +0000","<a href=""https://launchpad.net/gwibber/"" rel=""nofollow"">Gwibber</a>","FREEEEEDOOOOOOMMMMMMMM!!!!!!!!!!!!! hasta el lunes, si es que no me gano el kino, claro."
"21081697503","21078368953","133515428","","","2010-08-13 17:25:05 +0000","<a href=""http://blackberry.com/twitter"" rel=""nofollow"">Twitter for BlackBerry?</a>","@PauloSeguel no,claro,  cuando me ca?a mi padre me retaba, no se querellaba contra la municipalidad"
"21077053717","","","","","2010-08-13 16:22:11 +0000","<a href=""https://launchpad.net/gwibber/"" rel=""nofollow"">Gwibber</a>","hoy se conmemora el aniversario en que jason invadi? manhattan con su m?scara de hockey, no lo olvide."
"21076145645","","","","","2010-08-13 16:10:22 +0000","<a href=""https://launchpad.net/gwibber/"" rel=""nofollow"">Gwibber</a>","quiere ganar plata facil? mande a sus hijos a sacarse la chucha subiendose donde no deber?an!: http://is.gd/egbqX"
"21059905489","","","","","2010-08-13 12:31:09 +0000","<a href=""http://blackberry.com/twitter"" rel=""nofollow"">Twitter for BlackBerry?</a>","Como es el d?a de los zurdos, celebrar? alzando el pu?o izquierdo mientras escucho ""el pueblo unido"""
"20984743389","20984566179","36394623","","","2010-08-12 15:41:02 +0000","<a href=""http://blackberry.com/twitter"" rel=""nofollow"">Twitter for BlackBerry?</a>","@chidalgo igual es raro o?r a un abogado disertar sobre desarrollo de software"
"20984251175","","","","","2010-08-12 15:34:11 +0000","<a href=""http://blackberry.com/twitter"" rel=""nofollow"">Twitter for BlackBerry?</a>","Hace siete a?os cant? la misma canci?n que oigo ahora. Ojal? esta vez la oiga la gente que debe o?rla"
"20978136223","","","","","2010-08-12 14:13:04 +0000","<a href=""http://blackberry.com/twitter"" rel=""nofollow"">Twitter for BlackBerry?</a>","Misi?n de hoy: jugar al infiltrado"
"20936946699","","","","","2010-08-12 02:10:38 +0000","<a href=""https://launchpad.net/gwibber/"" rel=""nofollow"">Gwibber</a>","les cont? que estoy vendiendo mi fz8? est? barata, consulte! http://is.gd/e9gcr"
"20936586652","20936415975","36394623","","","2010-08-12 02:05:36 +0000","<a href=""https://launchpad.net/gwibber/"" rel=""nofollow"">Gwibber</a>","@chidalgo en realidad todas. pero la que vi reciencito de la mocosa exigiendo banda ancha es demasiado mala"
"20936333090","","","","","2010-08-12 02:02:06 +0000","<a href=""http://do.davebsd.com/"" rel=""nofollow"">Do</a>","que mala es la publicidad de claro!"
"20909345992","20909161698","34590287","","","2010-08-11 19:10:50 +0000","<a href=""https://launchpad.net/gwibber/"" rel=""nofollow"">Gwibber</a>","@monsevidela puede estar suelto el conector de video, o estar activada una segunda entrada al monitor."
"20904720018","","","","","2010-08-11 17:55:42 +0000","<a href=""https://launchpad.net/gwibber/"" rel=""nofollow"">Gwibber</a>","habia visto estudios y estadisticas idiotas, pero esta se lleva el premio: http://is.gd/edi8d"
"20895169279","","","","","2010-08-11 15:39:06 +0000","<a href=""http://www.tumblr.com/"" rel=""nofollow"">Tumblr</a>","Video: (8) claro que no, puedo inventar, una canci?n, que diga na? (8) (via youtube) http://tumblr.com/xwdfi4lb2"
"20891625489","","","","","2010-08-11 14:52:56 +0000","<a href=""https://launchpad.net/gwibber/"" rel=""nofollow"">Gwibber</a>","sabia ud que hoy es 11 de agosto, dia del hombre rudo? http://is.gd/ed4wl"
"20821267157","","","","","2010-08-10 20:02:58 +0000","<a href=""http://www.tumblr.com/"" rel=""nofollow"">Tumblr</a>","Photo: conocen ustedes a los ?super -mejores- amigos? ?? southparksociety: http://tumblr.com/xwdffnarv"
"20817265955","","","","","2010-08-10 18:57:09 +0000","<a href=""https://launchpad.net/gwibber/"" rel=""nofollow"">Gwibber</a>","alguna vez compr? un vinagre de frambuesa muy rico, y no he vuelto a encontrar. alguien sabe donde venden?"
"20805473780","20803984809","13720992","","","2010-08-10 15:59:13 +0000","<a href=""https://launchpad.net/gwibber/"" rel=""nofollow"">Gwibber</a>","@CatBulsara hay harto para elegir:  http://is.gd/ebCju , http://is.gd/ebCkl"
"20802016913","20801859744","13720992","","","2010-08-10 15:12:07 +0000","<a href=""https://launchpad.net/gwibber/"" rel=""nofollow"">Gwibber</a>","@CatBulsara si es solo para twitter-navegar-chatear, un netbook, con win7 o ubuntu debiera bastar."
"20801117015","20800437979","13720992","","","2010-08-10 15:00:13 +0000","<a href=""https://launchpad.net/gwibber/"" rel=""nofollow"">Gwibber</a>","@CatBulsara que usas? si requieres usar software especifico para algo, escoge la plataforma donde eso corre mejor."
"20798488871","","","","","2010-08-10 14:24:56 +0000","<a href=""https://launchpad.net/gwibber/"" rel=""nofollow"">Gwibber</a>","ud ya escogio las siete maravillas de chile? http://is.gd/ebvTx"
"20761927634","","","","","2010-08-10 03:12:34 +0000","<a href=""https://launchpad.net/gwibber/"" rel=""nofollow"">Gwibber</a>","suficientes ceros y unos por hoy. mi almohada me llama."
"20760173825","20757758251","10268252","","","2010-08-10 02:48:05 +0000","<a href=""https://launchpad.net/gwibber/"" rel=""nofollow"">Gwibber</a>","@enemigo gracias por los favs! :)"
"20744187339","","","","","2010-08-09 23:04:54 +0000","<a href=""http://foursquare.com"" rel=""nofollow"">foursquare</a>","Diablos que demora la 403"
"20737777586","20737621628","41675504","","","2010-08-09 21:20:05 +0000","<a href=""https://launchpad.net/gwibber/"" rel=""nofollow"">Gwibber</a>","@ConejitaPop aunque quisiera, no puedo ir por el verano sin polera. el tajo de la apendicitis me qued? feisimo :|"
"20737558049","20737446394","41675504","","","2010-08-09 21:16:18 +0000","<a href=""https://launchpad.net/gwibber/"" rel=""nofollow"">Gwibber</a>","@ConejitaPop el problema es que las metas a corto plazo siempre terminan guateando. mejor la campa?a ""una vejez sin infartos"""
"20729928187","","","","","2010-08-09 19:03:58 +0000","<a href=""https://launchpad.net/gwibber/"" rel=""nofollow"">Gwibber</a>","frikerios: hoy vi a un diputado reclamando porque no le funcionaba su blackberry dentro de un ascensor."
"20728274502","","","","","2010-08-09 18:34:19 +0000","<a href=""https://launchpad.net/gwibber/"" rel=""nofollow"">Gwibber</a>","por que un sitio web de una compa?ia de seguros, requeriria despues de autenticarse, explorer, quicktime y media player para funcionar?"
"20664396681","20664107604","36185060","","","2010-08-08 23:59:02 +0000","<a href=""https://launchpad.net/gwibber/"" rel=""nofollow"">Gwibber</a>","@alvaroroman noo, tal vez una nex-3 ;)"
"20663983019","","","","","2010-08-08 23:52:03 +0000","<a href=""https://launchpad.net/gwibber/"" rel=""nofollow"">Gwibber</a>","quiere una c?mara de fotos wena? estoy vendiendo una re chori fijese...http://is.gd/e9gcr"
"20575130503","","","","","2010-08-07 20:03:36 +0000","<a href=""http://blackberry.com/twitter"" rel=""nofollow"">Twitter for BlackBerry?</a>","Maldito servidor"
"20557140939","20553493401","7769322","","","2010-08-07 15:00:25 +0000","<a href=""http://blackberry.com/twitter"" rel=""nofollow"">Twitter for BlackBerry?</a>","@pablomatamoros el ds100 y la gu?a web son un buen punto de partida"
"20551914953","","","","","2010-08-07 13:38:00 +0000","<a href=""https://launchpad.net/gwibber/"" rel=""nofollow"">Gwibber</a>","en la oficina un s?bado virtualizando un servidor"
"20498078218","20497722922","8347992","","","2010-08-06 20:55:26 +0000","<a href=""https://launchpad.net/gwibber/"" rel=""nofollow"">Gwibber</a>","@2qx es un problema entre un windows mobile 6.5 que se resiste a hablar con un exchange 2003 sin cables de por medio"
"20498041713","20497722922","8347992","","","2010-08-06 20:54:46 +0000","<a href=""https://launchpad.net/gwibber/"" rel=""nofollow"">Gwibber</a>","@2qx mayoritariamente, google. y google siempre tira a esa mierda de sitio"
"20497378201","","","","","2010-08-06 20:43:05 +0000","<a href=""https://launchpad.net/gwibber/"" rel=""nofollow"">Gwibber</a>","no hay un sitio mas mierda que experts-exchange: ""yo tengo la respuesta, pagame y te la doy y te lleno de spam tambien"""
"20491692581","20491667117","10707022","","","2010-08-06 19:03:26 +0000","<a href=""https://launchpad.net/gwibber/"" rel=""nofollow"">Gwibber</a>","@RobertoRiquelme al menos no te lo est?n aserruchando"
"20489396003","20489279027","3424771","","","2010-08-06 18:25:21 +0000","<a href=""https://launchpad.net/gwibber/"" rel=""nofollow"">Gwibber</a>","@Gentz y el te regalar? orejeras de aislaci?n para el dia de la madre? XD"
"20489056868","","","","","2010-08-06 18:19:53 +0000","<a href=""https://launchpad.net/gwibber/"" rel=""nofollow"">Gwibber</a>","con avatar de ni?o por el dia del ni?o, porque nunca hay que dejar de ser ni?o, dicen."
"20488317336","20488133097","12386522","","","2010-08-06 18:07:40 +0000","<a href=""https://launchpad.net/gwibber/"" rel=""nofollow"">Gwibber</a>","@Mielvenenosa shuuu.... y la justicia lo dejar? libre por intachable conducta, apuesto"
"20484893815","20484571084","36394623","","","2010-08-06 17:14:11 +0000","<a href=""https://launchpad.net/gwibber/"" rel=""nofollow"">Gwibber</a>","@chidalgo a ver si ahora compran asfalto mas caro"
"20477058544","","","","","2010-08-06 15:23:12 +0000","<a href=""http://www.tumblr.com/"" rel=""nofollow"">Tumblr</a>","Photo: (via flickr explore) http://tumblr.com/xwdf3l317"
"20476970135","","","","","2010-08-06 15:22:02 +0000","<a href=""http://www.tumblr.com/"" rel=""nofollow"">Tumblr</a>","Photo: (via flickr expore) http://tumblr.com/xwdf3kzw4"
"20473626533","20473335237","108308283","","","2010-08-06 14:36:47 +0000","<a href=""https://launchpad.net/gwibber/"" rel=""nofollow"">Gwibber</a>","@natocortes no, tienes que preguntarte que har?a brian boitano: http://is.gd/e648l"
"20467950253","","","","","2010-08-06 13:20:57 +0000","<a href=""https://launchpad.net/gwibber/"" rel=""nofollow"">Gwibber</a>","y ud ya vio el twitfilm de hoy de @hermeselsabio? no?? que espera?? http://is.gd/e5YHn"
"20416813109","","","","","2010-08-05 21:12:13 +0000","<a href=""https://launchpad.net/gwibber/"" rel=""nofollow"">Gwibber</a>","tengo que escoger la foto seleccionada del photowalk de cartagena. como me da lata decidir, llam? a votaci?n: http://is.gd/e4OxY"
"20416512917","","","","","2010-08-05 21:05:57 +0000","<a href=""https://launchpad.net/gwibber/"" rel=""nofollow"">Gwibber</a>","el problema con el usuario que parece mr bean es que es mas estupido y mucho menos simpatico que mr bean, sin duda."
"20414175280","20413578306","58967234","","","2010-08-05 20:23:31 +0000","<a href=""https://launchpad.net/gwibber/"" rel=""nofollow"">Gwibber</a>","@madestro al final, ""el cielo"" es poder dormir tranquilo en la noche sin pensar que van a llegar a sacarte los pacos :P"
"20413543362","20413032474","58967234","","","2010-08-05 20:12:38 +0000","<a href=""https://launchpad.net/gwibber/"" rel=""nofollow"">Gwibber</a>","@madestro bondad con tus alumnos? te est?s poniendo coraz?n de awela?"
"20412963109","20412687565","58967234","","","2010-08-05 20:02:06 +0000","<a href=""https://launchpad.net/gwibber/"" rel=""nofollow"">Gwibber</a>","@madestro te baj? algun tipo de crisis de fe?"
"20411824273","","","","","2010-08-05 19:41:35 +0000","<a href=""https://launchpad.net/gwibber/"" rel=""nofollow"">Gwibber</a>","""favor responder antes del 31 de julio"" y el papel me llega hoy... Emmet Brown! prestame el delorean!!!"
"20401339807","","","","","2010-08-05 16:47:41 +0000","<a href=""https://launchpad.net/gwibber/"" rel=""nofollow"">Gwibber</a>","su celular no le satisface del todo? mej?relo: http://is.gd/e4te8   ( XD )"
"20390493091","20390250651","36185060","","","2010-08-05 14:10:17 +0000","<a href=""https://launchpad.net/gwibber/"" rel=""nofollow"">Gwibber</a>","@alvaroroman curiosamente preguntas por los unicos que no tienen sitio web...."
"20390106468","","","","","2010-08-05 14:04:25 +0000","<a href=""https://launchpad.net/gwibber/"" rel=""nofollow"">Gwibber</a>","hoy en ""noticias de portada que no son noticia""  http://is.gd/e4fhk"
"20388014093","","","","","2010-08-05 13:32:52 +0000","<a href=""https://launchpad.net/gwibber/"" rel=""nofollow"">Gwibber</a>","recomendacion de fotos de hoy: http://is.gd/e4cvw"
"20384820713","","","","","2010-08-05 12:43:13 +0000","<a href=""http://blackberry.com/twitter"" rel=""nofollow"">Twitter for BlackBerry?</a>","Que un gordo sudoroso insista en poner su axila sobre mi nariz en la micro es para preguntarse que he hecho mal en la vida..."
"20352264052","","","","","2010-08-05 02:04:16 +0000","<a href=""http://blackberry.com/twitter"" rel=""nofollow"">Twitter for BlackBerry?</a>","La bicicleta est?tica hace que me sienta como hamster em la rueda de ejercicio"
"20345277829","","","","","2010-08-05 00:17:29 +0000","<a href=""http://www.tumblr.com/"" rel=""nofollow"">Tumblr</a>","Audio: Msica del camino http://tumblr.com/xwdeysvqm"
"20342113349","","","","","2010-08-04 23:28:47 +0000","<a href=""http://blackberry.com/twitter"" rel=""nofollow"">Twitter for BlackBerry?</a>","Necesito un buen plan para conquistar el mundo con puros productos acme"
"20335892142","20335702602","15294152","","","2010-08-04 21:50:51 +0000","<a href=""https://launchpad.net/gwibber/"" rel=""nofollow"">Gwibber</a>","@DeliriumT solo la tolerancia a la tontera y el soporte a las estupideces ajenas :|"
"20324460734","20324392040","65929267","","","2010-08-04 18:37:10 +0000","web","@Kbcitas deberia haber fotoam?rica este a?o...."
"20323771077","20323095392","31318055","","","2010-08-04 18:25:22 +0000","<a href=""https://launchpad.net/gwibber/"" rel=""nofollow"">Gwibber</a>","@MoyraChellew usa gimp... para que contaminarse si puedes  usar algo libre."
"20309410861","20309276481","10707022","","","2010-08-04 14:44:38 +0000","<a href=""https://launchpad.net/gwibber/"" rel=""nofollow"">Gwibber</a>","@RobertoRiquelme la vida es mas simple usando linea de comandos"
"20308413774","","","","","2010-08-04 14:29:55 +0000","<a href=""https://launchpad.net/gwibber/"" rel=""nofollow"">Gwibber</a>","si ve gente con gorros de papel aluminio en la calle, no se extra?e: http://is.gd/e2lco"
"20303537097","","","","","2010-08-04 13:17:13 +0000","<a href=""https://launchpad.net/gwibber/"" rel=""nofollow"">Gwibber</a>","si les falla la red hoy no es culpa del sysadmin, es culpa de la tormenta solar"
"20299759120","","","","","2010-08-04 12:13:34 +0000","<a href=""http://blackberry.com/twitter"" rel=""nofollow"">Twitter for BlackBerry?</a>","El ch?fer viene tan cagado de fr?o que aprovecha los sem?foros para pararse, saltar y zapatear"
"20270151630","","","","","2010-08-04 02:20:51 +0000","web","que mercenarios, que chuck norris... este es el rey y punto!  http://youtu.be/cI1AwZN4ZYg"
"20256339465","","","","","2010-08-03 22:51:51 +0000","<a href=""https://launchpad.net/gwibber/"" rel=""nofollow"">Gwibber</a>","habr?n probado despertar a cerati poniendole green day en vez del negro pi?era? http://is.gd/e16Dl"
"20248825498","20248703524","10889262","","","2010-08-03 20:43:26 +0000","<a href=""https://launchpad.net/gwibber/"" rel=""nofollow"">Gwibber</a>","@Ymodita no, pero la isapre no cubre nada hasta dos meses desde que empezaste a cotizar..."
"20247995211","20247941702","3424771","","","2010-08-03 20:28:07 +0000","<a href=""https://launchpad.net/gwibber/"" rel=""nofollow"">Gwibber</a>","@Gentz est?s en la campa?a del piquito saludo?"
"20247184192","","","","","2010-08-03 20:13:41 +0000","<a href=""https://launchpad.net/gwibber/"" rel=""nofollow"">Gwibber</a>","tras cuatro dias de lucha intensiva, descubr? que estaba usando una cent?sima distinta de java, y por eso no compilaba la tontera,plop! #in"
"20246992177","20246636395","17705530","","","2010-08-03 20:10:13 +0000","<a href=""https://launchpad.net/gwibber/"" rel=""nofollow"">Gwibber</a>","@mfarah hay mucho que arreglar en la ciudad. transantiago fue un intento fallido por hacer algo mas soportable santiago..."
"20246526914","20245881513","17705530","","","2010-08-03 20:01:33 +0000","<a href=""https://launchpad.net/gwibber/"" rel=""nofollow"">Gwibber</a>","@mfarah : pajaritos, las industrias, vicu?a mackenna, en que los buses tienen que cruzarse de la tercera a la primera pista mas de una vez"
"20245782878","20245538024","11033512","","","2010-08-03 19:48:08 +0000","<a href=""https://launchpad.net/gwibber/"" rel=""nofollow"">Gwibber</a>","@koneja y a los choferes tambien!"
"20245719473","20245537846","17705530","","","2010-08-03 19:46:59 +0000","<a href=""https://launchpad.net/gwibber/"" rel=""nofollow"">Gwibber</a>","@mfarah si terminaran de construir las vias segregadas, los buses oruga dar?an re buen resultado."
"20245291564","","","","","2010-08-03 19:39:33 +0000","<a href=""https://launchpad.net/gwibber/"" rel=""nofollow"">Gwibber</a>","van a sacar los buses oruga y vamos a seguir usando las enchuladas de mas de 12 a?os de los troncales 3 y 5, y seremos pais desarrollado! XD"
"20241156369","","","","","2010-08-03 18:28:09 +0000","<a href=""https://launchpad.net/gwibber/"" rel=""nofollow"">Gwibber</a>","peleando con un glassfish que no quiere importar un maldito certificado x.509...  la entretencion nunca termina ;)"
"20238720372","","","","","2010-08-03 17:46:18 +0000","<a href=""https://launchpad.net/gwibber/"" rel=""nofollow"">Gwibber</a>","narf!"
"20179970378","","","","","2010-08-03 00:28:27 +0000","<a href=""http://blackberry.com/twitter"" rel=""nofollow"">Twitter for BlackBerry?</a>","Se me parte la cabeza"
"20166388574","","","","","2010-08-02 20:44:31 +0000","<a href=""https://launchpad.net/gwibber/"" rel=""nofollow"">Gwibber</a>","14 puntos en el cart?n del kino!!! 8 kino, 6 rekino..... sigo trabajando mejor :|"
"20105742511","","","","","2010-08-02 02:12:34 +0000","<a href=""http://blackberry.com/twitter"" rel=""nofollow"">Twitter for BlackBerry?</a>","En serio ma?ana es lunes de nuevo? No nos podemos saltar hasta el mi?rcoles?"
"20070780510","","","","","2010-08-01 15:51:25 +0000","<a href=""http://blackberry.com/twitter"" rel=""nofollow"">Twitter for BlackBerry?</a>","El futbolista de la portada de lun de hoy parece trav?sti"
"20070406945","","","","","2010-08-01 15:45:36 +0000","<a href=""http://blackberry.com/twitter"" rel=""nofollow"">Twitter for BlackBerry?</a>","El fr?o es psicol?gico y estamos todos locos"
